{"measurement 5":{"ap14":{"capabilities":"[ESS]","level":-88,"frequency":2462,"BSSID":"00:27:0d:2d:d0:70","SSID":"aalto open"},"ap15":{"capabilities":"[WPA2-EAP-CCMP][ESS]","level":-81,"frequency":2462,"BSSID":"a4:56:30:e8:17:61","SSID":"eduroam"},"ap12":{"capabilities":"[WPA2-PSK-CCMP-preauth][ESS]","level":-94,"frequency":2412,"BSSID":"00:1d:7e:fc:31:06","SSID":"NFC"},"ap13":{"capabilities":"[ESS]","level":-91,"frequency":2412,"BSSID":"00:27:0d:30:2a:60","SSID":"aalto open"},"ap9":{"capabilities":"[WPA2-EAP-CCMP][ESS]","level":-86,"frequency":2437,"BSSID":"00:27:0d:2d:dd:c1","SSID":"eduroam"},"ap8":{"capabilities":"[WPA2-EAP-CCMP][ESS]","level":-82,"frequency":2462,"BSSID":"00:27:0d:08:c2:11","SSID":"eduroam"},"ap7":{"capabilities":"[ESS]","level":-76,"frequency":2412,"BSSID":"00:27:0d:2e:79:f0","SSID":"aalto open"},"ap11":{"capabilities":"[WPA2-PSK-CCMP][ESS]","level":-88,"frequency":2412,"BSSID":"00:24:36:a6:e0:13","SSID":"marjonverkko"},"ap10":{"capabilities":"[ESS]","level":-84,"frequency":2462,"BSSID":"00:27:0d:08:c2:10","SSID":"aalto open"},"ap2":{"capabilities":"[WPA2-EAP-CCMP][ESS]","level":-79,"frequency":2412,"BSSID":"08:1f:f3:b2:d0:a1","SSID":"eduroam"},"ap1":{"capabilities":"[ESS]","level":-85,"frequency":2437,"BSSID":"00:27:0d:2d:dd:c0","SSID":"aalto open"},"ap6":{"capabilities":"[ESS]","level":-78,"frequency":2412,"BSSID":"08:1f:f3:b2:d0:a0","SSID":"aalto open"},"ap5":{"capabilities":"[WPA2-EAP-CCMP][ESS]","level":-80,"frequency":2412,"BSSID":"00:27:0d:2e:79:f1","SSID":"eduroam"},"ap4":{"capabilities":"[WPA2-PSK-CCMP][ESS]","level":-70,"frequency":2462,"BSSID":"f8:5f:2a:5f:5c:a8","SSID":"NOKIA Lumia 900_5438"},"ap3":{"capabilities":"[WPA-PSK-TKIP][WPS][ESS]","level":-78,"frequency":2427,"BSSID":"00:18:84:88:bf:88","SSID":"MyPlace"}},"measurement 4":{"ap14":{"capabilities":"[ESS]","level":-88,"frequency":2462,"BSSID":"00:27:0d:2d:d0:70","SSID":"aalto open"},"ap15":{"capabilities":"[WPA2-EAP-CCMP][ESS]","level":-81,"frequency":2462,"BSSID":"a4:56:30:e8:17:61","SSID":"eduroam"},"ap12":{"capabilities":"[WPA2-PSK-CCMP-preauth][ESS]","level":-94,"frequency":2412,"BSSID":"00:1d:7e:fc:31:06","SSID":"NFC"},"ap13":{"capabilities":"[ESS]","level":-91,"frequency":2412,"BSSID":"00:27:0d:30:2a:60","SSID":"aalto open"},"ap9":{"capabilities":"[WPA2-EAP-CCMP][ESS]","level":-81,"frequency":2437,"BSSID":"00:27:0d:2d:dd:c1","SSID":"eduroam"},"ap8":{"capabilities":"[WPA2-EAP-CCMP][ESS]","level":-82,"frequency":2462,"BSSID":"00:27:0d:08:c2:11","SSID":"eduroam"},"ap7":{"capabilities":"[ESS]","level":-73,"frequency":2412,"BSSID":"00:27:0d:2e:79:f0","SSID":"aalto open"},"ap11":{"capabilities":"[WPA2-PSK-CCMP][ESS]","level":-88,"frequency":2412,"BSSID":"00:24:36:a6:e0:13","SSID":"marjonverkko"},"ap10":{"capabilities":"[ESS]","level":-84,"frequency":2462,"BSSID":"00:27:0d:08:c2:10","SSID":"aalto open"},"ap2":{"capabilities":"[WPA2-EAP-CCMP][ESS]","level":-81,"frequency":2412,"BSSID":"08:1f:f3:b2:d0:a1","SSID":"eduroam"},"ap1":{"capabilities":"[ESS]","level":-82,"frequency":2437,"BSSID":"00:27:0d:2d:dd:c0","SSID":"aalto open"},"ap6":{"capabilities":"[ESS]","level":-78,"frequency":2412,"BSSID":"08:1f:f3:b2:d0:a0","SSID":"aalto open"},"ap5":{"capabilities":"[WPA2-EAP-CCMP][ESS]","level":-71,"frequency":2412,"BSSID":"00:27:0d:2e:79:f1","SSID":"eduroam"},"ap4":{"capabilities":"[WPA2-PSK-CCMP][ESS]","level":-71,"frequency":2462,"BSSID":"f8:5f:2a:5f:5c:a8","SSID":"NOKIA Lumia 900_5438"},"ap3":{"capabilities":"[WPA-PSK-TKIP][WPS][ESS]","level":-76,"frequency":2427,"BSSID":"00:18:84:88:bf:88","SSID":"MyPlace"}},"measurement 7":{"ap14":{"capabilities":"[WPA2-EAP-CCMP][ESS]","level":-86,"frequency":2462,"BSSID":"a0:cf:5b:fa:34:e1","SSID":"eduroam"},"ap15":{"capabilities":"[WPA2-EAP-CCMP][ESS]","level":-88,"frequency":2437,"BSSID":"00:22:55:df:e6:d1","SSID":"eduroam"},"ap12":{"capabilities":"[ESS]","level":-91,"frequency":2412,"BSSID":"00:27:0d:30:2a:60","SSID":"aalto open"},"ap13":{"capabilities":"[ESS]","level":-82,"frequency":2462,"BSSID":"00:27:0d:2d:d0:70","SSID":"aalto open"},"ap9":{"capabilities":"[WPA2-EAP-CCMP][ESS]","level":-82,"frequency":2437,"BSSID":"00:27:0d:2d:dd:c1","SSID":"eduroam"},"ap8":{"capabilities":"[WPA2-EAP-CCMP][ESS]","level":-84,"frequency":2462,"BSSID":"00:27:0d:08:c2:11","SSID":"eduroam"},"ap7":{"capabilities":"[ESS]","level":-68,"frequency":2412,"BSSID":"00:27:0d:2e:79:f0","SSID":"aalto open"},"ap11":{"capabilities":"[WPA2-PSK-CCMP][ESS]","level":-88,"frequency":2412,"BSSID":"00:24:36:a6:e0:13","SSID":"marjonverkko"},"ap10":{"capabilities":"[ESS]","level":-80,"frequency":2462,"BSSID":"00:27:0d:08:c2:10","SSID":"aalto open"},"ap2":{"capabilities":"[WPA2-EAP-CCMP][ESS]","level":-82,"frequency":2412,"BSSID":"08:1f:f3:b2:d0:a1","SSID":"eduroam"},"ap1":{"capabilities":"[ESS]","level":-85,"frequency":2437,"BSSID":"00:27:0d:2d:dd:c0","SSID":"aalto open"},"ap6":{"capabilities":"[ESS]","level":-84,"frequency":2412,"BSSID":"08:1f:f3:b2:d0:a0","SSID":"aalto open"},"ap5":{"capabilities":"[WPA2-EAP-CCMP][ESS]","level":-69,"frequency":2412,"BSSID":"00:27:0d:2e:79:f1","SSID":"eduroam"},"ap4":{"capabilities":"[WPA2-PSK-CCMP][ESS]","level":-71,"frequency":2462,"BSSID":"f8:5f:2a:5f:5c:a8","SSID":"NOKIA Lumia 900_5438"},"ap3":{"capabilities":"[WPA-PSK-TKIP][WPS][ESS]","level":-80,"frequency":2427,"BSSID":"00:18:84:88:bf:88","SSID":"MyPlace"}},"measurement 6":{"ap14":{"capabilities":"[ESS]","level":-88,"frequency":2462,"BSSID":"00:27:0d:2d:d0:70","SSID":"aalto open"},"ap15":{"capabilities":"[WPA2-EAP-CCMP][ESS]","level":-86,"frequency":2462,"BSSID":"a0:cf:5b:fa:34:e1","SSID":"eduroam"},"ap12":{"capabilities":"[WPA2-PSK-CCMP-preauth][ESS]","level":-94,"frequency":2412,"BSSID":"00:1d:7e:fc:31:06","SSID":"NFC"},"ap13":{"capabilities":"[ESS]","level":-91,"frequency":2412,"BSSID":"00:27:0d:30:2a:60","SSID":"aalto open"},"ap16":{"capabilities":"[WPA2-EAP-CCMP][ESS]","level":-88,"frequency":2437,"BSSID":"00:22:55:df:e6:d1","SSID":"eduroam"},"ap9":{"capabilities":"[WPA2-EAP-CCMP][ESS]","level":-85,"frequency":2437,"BSSID":"00:27:0d:2d:dd:c1","SSID":"eduroam"},"ap8":{"capabilities":"[WPA2-EAP-CCMP][ESS]","level":-82,"frequency":2462,"BSSID":"00:27:0d:08:c2:11","SSID":"eduroam"},"ap7":{"capabilities":"[ESS]","level":-68,"frequency":2412,"BSSID":"00:27:0d:2e:79:f0","SSID":"aalto open"},"ap11":{"capabilities":"[WPA2-PSK-CCMP][ESS]","level":-89,"frequency":2412,"BSSID":"00:24:36:a6:e0:13","SSID":"marjonverkko"},"ap10":{"capabilities":"[ESS]","level":-86,"frequency":2462,"BSSID":"00:27:0d:08:c2:10","SSID":"aalto open"},"ap2":{"capabilities":"[WPA2-EAP-CCMP][ESS]","level":-79,"frequency":2412,"BSSID":"08:1f:f3:b2:d0:a1","SSID":"eduroam"},"ap1":{"capabilities":"[ESS]","level":-80,"frequency":2437,"BSSID":"00:27:0d:2d:dd:c0","SSID":"aalto open"},"ap6":{"capabilities":"[ESS]","level":-78,"frequency":2412,"BSSID":"08:1f:f3:b2:d0:a0","SSID":"aalto open"},"ap5":{"capabilities":"[WPA2-EAP-CCMP][ESS]","level":-79,"frequency":2412,"BSSID":"00:27:0d:2e:79:f1","SSID":"eduroam"},"ap4":{"capabilities":"[WPA2-PSK-CCMP][ESS]","level":-70,"frequency":2462,"BSSID":"f8:5f:2a:5f:5c:a8","SSID":"NOKIA Lumia 900_5438"},"ap3":{"capabilities":"[WPA-PSK-TKIP][WPS][ESS]","level":-78,"frequency":2427,"BSSID":"00:18:84:88:bf:88","SSID":"MyPlace"}},"measurement 9":{"ap14":{"capabilities":"[WPA2-EAP-CCMP][ESS]","level":-88,"frequency":2437,"BSSID":"00:22:55:df:e6:d1","SSID":"eduroam"},"ap15":{"capabilities":"[WPA2-EAP-CCMP][ESS]","level":-82,"frequency":2462,"BSSID":"00:27:0d:2d:d0:71","SSID":"eduroam"},"ap12":{"capabilities":"[ESS]","level":-87,"frequency":2462,"BSSID":"00:27:0d:2d:d0:70","SSID":"aalto open"},"ap13":{"capabilities":"[WPA2-EAP-CCMP][ESS]","level":-85,"frequency":2462,"BSSID":"a0:cf:5b:fa:34:e1","SSID":"eduroam"},"ap16":{"capabilities":"[WPA2-EAP-CCMP][ESS]","level":-86,"frequency":2462,"BSSID":"08:1f:f3:b2:d4:b1","SSID":"eduroam"},"ap9":{"capabilities":"[WPA2-EAP-CCMP][ESS]","level":-85,"frequency":2437,"BSSID":"00:27:0d:2d:dd:c1","SSID":"eduroam"},"ap8":{"capabilities":"[WPA2-EAP-CCMP][ESS]","level":-84,"frequency":2462,"BSSID":"00:27:0d:08:c2:11","SSID":"eduroam"},"ap7":{"capabilities":"[ESS]","level":-71,"frequency":2412,"BSSID":"00:27:0d:2e:79:f0","SSID":"aalto open"},"ap11":{"capabilities":"[WPA2-PSK-CCMP][ESS]","level":-89,"frequency":2412,"BSSID":"00:24:36:a6:e0:13","SSID":"marjonverkko"},"ap10":{"capabilities":"[ESS]","level":-81,"frequency":2462,"BSSID":"00:27:0d:08:c2:10","SSID":"aalto open"},"ap2":{"capabilities":"[WPA2-EAP-CCMP][ESS]","level":-78,"frequency":2412,"BSSID":"08:1f:f3:b2:d0:a1","SSID":"eduroam"},"ap1":{"capabilities":"[ESS]","level":-87,"frequency":2437,"BSSID":"00:27:0d:2d:dd:c0","SSID":"aalto open"},"ap6":{"capabilities":"[ESS]","level":-77,"frequency":2412,"BSSID":"08:1f:f3:b2:d0:a0","SSID":"aalto open"},"ap5":{"capabilities":"[WPA2-EAP-CCMP][ESS]","level":-71,"frequency":2412,"BSSID":"00:27:0d:2e:79:f1","SSID":"eduroam"},"ap4":{"capabilities":"[WPA2-PSK-CCMP][ESS]","level":-71,"frequency":2462,"BSSID":"f8:5f:2a:5f:5c:a8","SSID":"NOKIA Lumia 900_5438"},"ap3":{"capabilities":"[WPA-PSK-TKIP][WPS][ESS]","level":-71,"frequency":2427,"BSSID":"00:18:84:88:bf:88","SSID":"MyPlace"}},"measurement 8":{"ap14":{"capabilities":"[WPA2-EAP-CCMP][ESS]","level":-88,"frequency":2437,"BSSID":"00:22:55:df:e6:d1","SSID":"eduroam"},"ap15":{"capabilities":"[WPA2-EAP-CCMP][ESS]","level":-82,"frequency":2462,"BSSID":"00:27:0d:2d:d0:71","SSID":"eduroam"},"ap12":{"capabilities":"[ESS]","level":-82,"frequency":2462,"BSSID":"00:27:0d:2d:d0:70","SSID":"aalto open"},"ap13":{"capabilities":"[WPA2-EAP-CCMP][ESS]","level":-85,"frequency":2462,"BSSID":"a0:cf:5b:fa:34:e1","SSID":"eduroam"},"ap9":{"capabilities":"[WPA2-EAP-CCMP][ESS]","level":-86,"frequency":2437,"BSSID":"00:27:0d:2d:dd:c1","SSID":"eduroam"},"ap8":{"capabilities":"[WPA2-EAP-CCMP][ESS]","level":-79,"frequency":2462,"BSSID":"00:27:0d:08:c2:11","SSID":"eduroam"},"ap7":{"capabilities":"[ESS]","level":-71,"frequency":2412,"BSSID":"00:27:0d:2e:79:f0","SSID":"aalto open"},"ap11":{"capabilities":"[WPA2-PSK-CCMP][ESS]","level":-89,"frequency":2412,"BSSID":"00:24:36:a6:e0:13","SSID":"marjonverkko"},"ap10":{"capabilities":"[ESS]","level":-81,"frequency":2462,"BSSID":"00:27:0d:08:c2:10","SSID":"aalto open"},"ap2":{"capabilities":"[WPA2-EAP-CCMP][ESS]","level":-82,"frequency":2412,"BSSID":"08:1f:f3:b2:d0:a1","SSID":"eduroam"},"ap1":{"capabilities":"[ESS]","level":-87,"frequency":2437,"BSSID":"00:27:0d:2d:dd:c0","SSID":"aalto open"},"ap6":{"capabilities":"[ESS]","level":-75,"frequency":2412,"BSSID":"08:1f:f3:b2:d0:a0","SSID":"aalto open"},"ap5":{"capabilities":"[WPA2-EAP-CCMP][ESS]","level":-72,"frequency":2412,"BSSID":"00:27:0d:2e:79:f1","SSID":"eduroam"},"ap4":{"capabilities":"[WPA2-PSK-CCMP][ESS]","level":-82,"frequency":2462,"BSSID":"f8:5f:2a:5f:5c:a8","SSID":"NOKIA Lumia 900_5438"},"ap3":{"capabilities":"[WPA-PSK-TKIP][WPS][ESS]","level":-74,"frequency":2427,"BSSID":"00:18:84:88:bf:88","SSID":"MyPlace"}},"measurement 10":{"ap14":{"capabilities":"[WPA2-EAP-CCMP][ESS]","level":-83,"frequency":2462,"BSSID":"00:27:0d:2d:d0:71","SSID":"eduroam"},"ap15":{"capabilities":"[WPA2-EAP-CCMP][ESS]","level":-86,"frequency":2462,"BSSID":"08:1f:f3:b2:d4:b1","SSID":"eduroam"},"ap12":{"capabilities":"[ESS]","level":-87,"frequency":2462,"BSSID":"00:27:0d:2d:d0:70","SSID":"aalto open"},"ap13":{"capabilities":"[WPA2-EAP-CCMP][ESS]","level":-85,"frequency":2462,"BSSID":"a0:cf:5b:fa:34:e1","SSID":"eduroam"},"ap16":{"capabilities":"[ESS]","level":-86,"frequency":2437,"BSSID":"00:22:55:df:e6:d0","SSID":"aalto open"},"ap9":{"capabilities":"[WPA2-EAP-CCMP][ESS]","level":-83,"frequency":2437,"BSSID":"00:27:0d:2d:dd:c1","SSID":"eduroam"},"ap8":{"capabilities":"[WPA2-EAP-CCMP][ESS]","level":-81,"frequency":2462,"BSSID":"00:27:0d:08:c2:11","SSID":"eduroam"},"ap7":{"capabilities":"[ESS]","level":-80,"frequency":2412,"BSSID":"00:27:0d:2e:79:f0","SSID":"aalto open"},"ap11":{"capabilities":"[WPA2-PSK-CCMP][ESS]","level":-84,"frequency":2412,"BSSID":"00:24:36:a6:e0:13","SSID":"marjonverkko"},"ap10":{"capabilities":"[ESS]","level":-85,"frequency":2462,"BSSID":"00:27:0d:08:c2:10","SSID":"aalto open"},"ap2":{"capabilities":"[WPA2-EAP-CCMP][ESS]","level":-78,"frequency":2412,"BSSID":"08:1f:f3:b2:d0:a1","SSID":"eduroam"},"ap1":{"capabilities":"[ESS]","level":-84,"frequency":2437,"BSSID":"00:27:0d:2d:dd:c0","SSID":"aalto open"},"ap6":{"capabilities":"[ESS]","level":-83,"frequency":2412,"BSSID":"08:1f:f3:b2:d0:a0","SSID":"aalto open"},"ap5":{"capabilities":"[WPA2-EAP-CCMP][ESS]","level":-80,"frequency":2412,"BSSID":"00:27:0d:2e:79:f1","SSID":"eduroam"},"ap4":{"capabilities":"[WPA2-PSK-CCMP][ESS]","level":-72,"frequency":2462,"BSSID":"f8:5f:2a:5f:5c:a8","SSID":"NOKIA Lumia 900_5438"},"ap3":{"capabilities":"[WPA-PSK-TKIP][WPS][ESS]","level":-71,"frequency":2427,"BSSID":"00:18:84:88:bf:88","SSID":"MyPlace"}},"measurement 12":{"ap14":{"capabilities":"[WPA2-EAP-CCMP][ESS]","level":-86,"frequency":2462,"BSSID":"08:1f:f3:b2:d4:b1","SSID":"eduroam"},"ap15":{"capabilities":"[ESS]","level":-86,"frequency":2437,"BSSID":"00:22:55:df:e6:d0","SSID":"aalto open"},"ap12":{"capabilities":"[ESS]","level":-91,"frequency":2462,"BSSID":"00:27:0d:2d:d0:70","SSID":"aalto open"},"ap13":{"capabilities":"[WPA2-EAP-CCMP][ESS]","level":-83,"frequency":2462,"BSSID":"00:27:0d:2d:d0:71","SSID":"eduroam"},"ap9":{"capabilities":"[WPA2-EAP-CCMP][ESS]","level":-90,"frequency":2437,"BSSID":"00:27:0d:2d:dd:c1","SSID":"eduroam"},"ap8":{"capabilities":"[WPA2-EAP-CCMP][ESS]","level":-88,"frequency":2462,"BSSID":"00:27:0d:08:c2:11","SSID":"eduroam"},"ap7":{"capabilities":"[ESS]","level":-74,"frequency":2412,"BSSID":"00:27:0d:2e:79:f0","SSID":"aalto open"},"ap11":{"capabilities":"[WPA2-PSK-CCMP][ESS]","level":-84,"frequency":2412,"BSSID":"00:24:36:a6:e0:13","SSID":"marjonverkko"},"ap10":{"capabilities":"[ESS]","level":-85,"frequency":2462,"BSSID":"00:27:0d:08:c2:10","SSID":"aalto open"},"ap2":{"capabilities":"[WPA2-EAP-CCMP][ESS]","level":-78,"frequency":2412,"BSSID":"08:1f:f3:b2:d0:a1","SSID":"eduroam"},"ap1":{"capabilities":"[ESS]","level":-86,"frequency":2437,"BSSID":"00:27:0d:2d:dd:c0","SSID":"aalto open"},"ap6":{"capabilities":"[ESS]","level":-83,"frequency":2412,"BSSID":"08:1f:f3:b2:d0:a0","SSID":"aalto open"},"ap5":{"capabilities":"[WPA2-EAP-CCMP][ESS]","level":-71,"frequency":2412,"BSSID":"00:27:0d:2e:79:f1","SSID":"eduroam"},"ap4":{"capabilities":"[WPA2-PSK-CCMP][ESS]","level":-70,"frequency":2462,"BSSID":"f8:5f:2a:5f:5c:a8","SSID":"NOKIA Lumia 900_5438"},"ap3":{"capabilities":"[WPA-PSK-TKIP][WPS][ESS]","level":-81,"frequency":2427,"BSSID":"00:18:84:88:bf:88","SSID":"MyPlace"}},"measurement 11":{"ap14":{"capabilities":"[WPA2-EAP-CCMP][ESS]","level":-83,"frequency":2462,"BSSID":"00:27:0d:2d:d0:71","SSID":"eduroam"},"ap15":{"capabilities":"[WPA2-EAP-CCMP][ESS]","level":-86,"frequency":2462,"BSSID":"08:1f:f3:b2:d4:b1","SSID":"eduroam"},"ap12":{"capabilities":"[ESS]","level":-87,"frequency":2462,"BSSID":"00:27:0d:2d:d0:70","SSID":"aalto open"},"ap13":{"capabilities":"[WPA2-EAP-CCMP][ESS]","level":-85,"frequency":2462,"BSSID":"a0:cf:5b:fa:34:e1","SSID":"eduroam"},"ap16":{"capabilities":"[ESS]","level":-86,"frequency":2437,"BSSID":"00:22:55:df:e6:d0","SSID":"aalto open"},"ap9":{"capabilities":"[WPA2-EAP-CCMP][ESS]","level":-82,"frequency":2437,"BSSID":"00:27:0d:2d:dd:c1","SSID":"eduroam"},"ap8":{"capabilities":"[WPA2-EAP-CCMP][ESS]","level":-81,"frequency":2462,"BSSID":"00:27:0d:08:c2:11","SSID":"eduroam"},"ap7":{"capabilities":"[ESS]","level":-79,"frequency":2412,"BSSID":"00:27:0d:2e:79:f0","SSID":"aalto open"},"ap11":{"capabilities":"[WPA2-PSK-CCMP][ESS]","level":-84,"frequency":2412,"BSSID":"00:24:36:a6:e0:13","SSID":"marjonverkko"},"ap10":{"capabilities":"[ESS]","level":-85,"frequency":2462,"BSSID":"00:27:0d:08:c2:10","SSID":"aalto open"},"ap2":{"capabilities":"[WPA2-EAP-CCMP][ESS]","level":-78,"frequency":2412,"BSSID":"08:1f:f3:b2:d0:a1","SSID":"eduroam"},"ap1":{"capabilities":"[ESS]","level":-83,"frequency":2437,"BSSID":"00:27:0d:2d:dd:c0","SSID":"aalto open"},"ap6":{"capabilities":"[ESS]","level":-83,"frequency":2412,"BSSID":"08:1f:f3:b2:d0:a0","SSID":"aalto open"},"ap5":{"capabilities":"[WPA2-EAP-CCMP][ESS]","level":-71,"frequency":2412,"BSSID":"00:27:0d:2e:79:f1","SSID":"eduroam"},"ap4":{"capabilities":"[WPA2-PSK-CCMP][ESS]","level":-69,"frequency":2462,"BSSID":"f8:5f:2a:5f:5c:a8","SSID":"NOKIA Lumia 900_5438"},"ap3":{"capabilities":"[WPA-PSK-TKIP][WPS][ESS]","level":-77,"frequency":2427,"BSSID":"00:18:84:88:bf:88","SSID":"MyPlace"}},"measurement 1":{"ap14":{"capabilities":"[ESS]","level":-95,"frequency":2412,"BSSID":"00:27:0d:30:2a:60","SSID":"aalto open"},"ap15":{"capabilities":"[ESS]","level":-81,"frequency":2462,"BSSID":"00:27:0d:2d:d0:70","SSID":"aalto open"},"ap12":{"capabilities":"[WPA2-PSK-CCMP][ESS]","level":-89,"frequency":2412,"BSSID":"00:24:36:a6:e0:13","SSID":"marjonverkko"},"ap13":{"capabilities":"[WPA2-PSK-CCMP-preauth][ESS]","level":-94,"frequency":2412,"BSSID":"00:1d:7e:fc:31:06","SSID":"NFC"},"ap9":{"capabilities":"[WPA2-EAP-CCMP][ESS]","level":-83,"frequency":2462,"BSSID":"00:27:0d:2d:d0:71","SSID":"eduroam"},"ap8":{"capabilities":"[WPA2-EAP-CCMP][ESS]","level":-81,"frequency":2462,"BSSID":"00:27:0d:08:c2:11","SSID":"eduroam"},"ap7":{"capabilities":"[ESS]","level":-71,"frequency":2412,"BSSID":"00:27:0d:2e:79:f0","SSID":"aalto open"},"ap11":{"capabilities":"[ESS]","level":-82,"frequency":2462,"BSSID":"00:27:0d:08:c2:10","SSID":"aalto open"},"ap10":{"capabilities":"[WPA2-EAP-CCMP][ESS]","level":-86,"frequency":2437,"BSSID":"00:27:0d:2d:dd:c1","SSID":"eduroam"},"ap2":{"capabilities":"[WPA2-EAP-CCMP][ESS]","level":-84,"frequency":2412,"BSSID":"08:1f:f3:b2:d0:a1","SSID":"eduroam"},"ap1":{"capabilities":"[ESS]","level":-86,"frequency":2437,"BSSID":"00:27:0d:2d:dd:c0","SSID":"aalto open"},"ap6":{"capabilities":"[ESS]","level":-77,"frequency":2412,"BSSID":"08:1f:f3:b2:d0:a0","SSID":"aalto open"},"ap5":{"capabilities":"[WPA2-EAP-CCMP][ESS]","level":-76,"frequency":2412,"BSSID":"00:27:0d:2e:79:f1","SSID":"eduroam"},"ap4":{"capabilities":"[WPA2-PSK-CCMP][ESS]","level":-79,"frequency":2462,"BSSID":"f8:5f:2a:5f:5c:a8","SSID":"NOKIA Lumia 900_5438"},"ap3":{"capabilities":"[WPA-PSK-TKIP][WPS][ESS]","level":-81,"frequency":2427,"BSSID":"00:18:84:88:bf:88","SSID":"MyPlace"}},"measurement 14":{"ap14":{"capabilities":"[WPA2-EAP-CCMP][ESS]","level":-84,"frequency":2462,"BSSID":"a0:cf:5b:fa:34:e1","SSID":"eduroam"},"ap12":{"capabilities":"[ESS]","level":-82,"frequency":2462,"BSSID":"00:27:0d:2d:d0:70","SSID":"aalto open"},"ap13":{"capabilities":"[WPA2-PSK-CCMP-preauth][ESS]","level":-92,"frequency":2412,"BSSID":"00:1d:7e:fc:31:06","SSID":"NFC"},"ap9":{"capabilities":"[WPA2-EAP-CCMP][ESS]","level":-87,"frequency":2437,"BSSID":"00:27:0d:2d:dd:c1","SSID":"eduroam"},"ap8":{"capabilities":"[WPA2-EAP-CCMP][ESS]","level":-83,"frequency":2462,"BSSID":"00:27:0d:08:c2:11","SSID":"eduroam"},"ap7":{"capabilities":"[ESS]","level":-72,"frequency":2412,"BSSID":"00:27:0d:2e:79:f0","SSID":"aalto open"},"ap11":{"capabilities":"[WPA2-PSK-CCMP][ESS]","level":-92,"frequency":2412,"BSSID":"00:24:36:a6:e0:13","SSID":"marjonverkko"},"ap10":{"capabilities":"[ESS]","level":-79,"frequency":2462,"BSSID":"00:27:0d:08:c2:10","SSID":"aalto open"},"ap2":{"capabilities":"[WPA2-EAP-CCMP][ESS]","level":-82,"frequency":2412,"BSSID":"08:1f:f3:b2:d0:a1","SSID":"eduroam"},"ap1":{"capabilities":"[ESS]","level":-85,"frequency":2437,"BSSID":"00:27:0d:2d:dd:c0","SSID":"aalto open"},"ap6":{"capabilities":"[ESS]","level":-81,"frequency":2412,"BSSID":"08:1f:f3:b2:d0:a0","SSID":"aalto open"},"ap5":{"capabilities":"[WPA2-EAP-CCMP][ESS]","level":-80,"frequency":2412,"BSSID":"00:27:0d:2e:79:f1","SSID":"eduroam"},"ap4":{"capabilities":"[WPA2-PSK-CCMP][ESS]","level":-70,"frequency":2462,"BSSID":"f8:5f:2a:5f:5c:a8","SSID":"NOKIA Lumia 900_5438"},"ap3":{"capabilities":"[WPA-PSK-TKIP][WPS][ESS]","level":-79,"frequency":2427,"BSSID":"00:18:84:88:bf:88","SSID":"MyPlace"}},"measurement 2":{"ap14":{"capabilities":"[ESS]","level":-95,"frequency":2412,"BSSID":"00:27:0d:30:2a:60","SSID":"aalto open"},"ap15":{"capabilities":"[ESS]","level":-84,"frequency":2462,"BSSID":"00:27:0d:2d:d0:70","SSID":"aalto open"},"ap12":{"capabilities":"[WPA2-PSK-CCMP][ESS]","level":-89,"frequency":2412,"BSSID":"00:24:36:a6:e0:13","SSID":"marjonverkko"},"ap13":{"capabilities":"[WPA2-PSK-CCMP-preauth][ESS]","level":-94,"frequency":2412,"BSSID":"00:1d:7e:fc:31:06","SSID":"NFC"},"ap16":{"capabilities":"[WPA2-EAP-CCMP][ESS]","level":-81,"frequency":2462,"BSSID":"a4:56:30:e8:17:61","SSID":"eduroam"},"ap9":{"capabilities":"[WPA2-EAP-CCMP][ESS]","level":-83,"frequency":2462,"BSSID":"00:27:0d:2d:d0:71","SSID":"eduroam"},"ap8":{"capabilities":"[WPA2-EAP-CCMP][ESS]","level":-81,"frequency":2462,"BSSID":"00:27:0d:08:c2:11","SSID":"eduroam"},"ap7":{"capabilities":"[ESS]","level":-71,"frequency":2412,"BSSID":"00:27:0d:2e:79:f0","SSID":"aalto open"},"ap11":{"capabilities":"[ESS]","level":-82,"frequency":2462,"BSSID":"00:27:0d:08:c2:10","SSID":"aalto open"},"ap10":{"capabilities":"[WPA2-EAP-CCMP][ESS]","level":-86,"frequency":2437,"BSSID":"00:27:0d:2d:dd:c1","SSID":"eduroam"},"ap2":{"capabilities":"[WPA2-EAP-CCMP][ESS]","level":-82,"frequency":2412,"BSSID":"08:1f:f3:b2:d0:a1","SSID":"eduroam"},"ap1":{"capabilities":"[ESS]","level":-86,"frequency":2437,"BSSID":"00:27:0d:2d:dd:c0","SSID":"aalto open"},"ap6":{"capabilities":"[ESS]","level":-72,"frequency":2412,"BSSID":"08:1f:f3:b2:d0:a0","SSID":"aalto open"},"ap5":{"capabilities":"[WPA2-EAP-CCMP][ESS]","level":-76,"frequency":2412,"BSSID":"00:27:0d:2e:79:f1","SSID":"eduroam"},"ap4":{"capabilities":"[WPA2-PSK-CCMP][ESS]","level":-70,"frequency":2462,"BSSID":"f8:5f:2a:5f:5c:a8","SSID":"NOKIA Lumia 900_5438"},"ap3":{"capabilities":"[WPA-PSK-TKIP][WPS][ESS]","level":-76,"frequency":2427,"BSSID":"00:18:84:88:bf:88","SSID":"MyPlace"}},"measurement 13":{"ap14":{"capabilities":"[ESS]","level":-86,"frequency":2437,"BSSID":"00:22:55:df:e6:d0","SSID":"aalto open"},"ap15":{"capabilities":"[WPA2-PSK-CCMP-preauth][ESS]","level":-92,"frequency":2412,"BSSID":"00:1d:7e:fc:31:06","SSID":"NFC"},"ap12":{"capabilities":"[ESS]","level":-82,"frequency":2462,"BSSID":"00:27:0d:2d:d0:70","SSID":"aalto open"},"ap13":{"capabilities":"[WPA2-EAP-CCMP][ESS]","level":-83,"frequency":2462,"BSSID":"00:27:0d:2d:d0:71","SSID":"eduroam"},"ap9":{"capabilities":"[WPA2-EAP-CCMP][ESS]","level":-88,"frequency":2437,"BSSID":"00:27:0d:2d:dd:c1","SSID":"eduroam"},"ap8":{"capabilities":"[WPA2-EAP-CCMP][ESS]","level":-80,"frequency":2462,"BSSID":"00:27:0d:08:c2:11","SSID":"eduroam"},"ap7":{"capabilities":"[ESS]","level":-76,"frequency":2412,"BSSID":"00:27:0d:2e:79:f0","SSID":"aalto open"},"ap11":{"capabilities":"[WPA2-PSK-CCMP][ESS]","level":-92,"frequency":2412,"BSSID":"00:24:36:a6:e0:13","SSID":"marjonverkko"},"ap10":{"capabilities":"[ESS]","level":-80,"frequency":2462,"BSSID":"00:27:0d:08:c2:10","SSID":"aalto open"},"ap2":{"capabilities":"[WPA2-EAP-CCMP][ESS]","level":-82,"frequency":2412,"BSSID":"08:1f:f3:b2:d0:a1","SSID":"eduroam"},"ap1":{"capabilities":"[ESS]","level":-84,"frequency":2437,"BSSID":"00:27:0d:2d:dd:c0","SSID":"aalto open"},"ap6":{"capabilities":"[ESS]","level":-72,"frequency":2412,"BSSID":"08:1f:f3:b2:d0:a0","SSID":"aalto open"},"ap5":{"capabilities":"[WPA2-EAP-CCMP][ESS]","level":-83,"frequency":2412,"BSSID":"00:27:0d:2e:79:f1","SSID":"eduroam"},"ap4":{"capabilities":"[WPA2-PSK-CCMP][ESS]","level":-69,"frequency":2462,"BSSID":"f8:5f:2a:5f:5c:a8","SSID":"NOKIA Lumia 900_5438"},"ap3":{"capabilities":"[WPA-PSK-TKIP][WPS][ESS]","level":-78,"frequency":2427,"BSSID":"00:18:84:88:bf:88","SSID":"MyPlace"}},"measurement 3":{"ap14":{"capabilities":"[ESS]","level":-95,"frequency":2412,"BSSID":"00:27:0d:30:2a:60","SSID":"aalto open"},"ap15":{"capabilities":"[ESS]","level":-83,"frequency":2462,"BSSID":"00:27:0d:2d:d0:70","SSID":"aalto open"},"ap12":{"capabilities":"[WPA2-PSK-CCMP][ESS]","level":-89,"frequency":2412,"BSSID":"00:24:36:a6:e0:13","SSID":"marjonverkko"},"ap13":{"capabilities":"[WPA2-PSK-CCMP-preauth][ESS]","level":-94,"frequency":2412,"BSSID":"00:1d:7e:fc:31:06","SSID":"NFC"},"ap16":{"capabilities":"[WPA2-EAP-CCMP][ESS]","level":-81,"frequency":2462,"BSSID":"a4:56:30:e8:17:61","SSID":"eduroam"},"ap9":{"capabilities":"[WPA2-EAP-CCMP][ESS]","level":-83,"frequency":2462,"BSSID":"00:27:0d:2d:d0:71","SSID":"eduroam"},"ap8":{"capabilities":"[WPA2-EAP-CCMP][ESS]","level":-84,"frequency":2462,"BSSID":"00:27:0d:08:c2:11","SSID":"eduroam"},"ap7":{"capabilities":"[ESS]","level":-75,"frequency":2412,"BSSID":"00:27:0d:2e:79:f0","SSID":"aalto open"},"ap11":{"capabilities":"[ESS]","level":-83,"frequency":2462,"BSSID":"00:27:0d:08:c2:10","SSID":"aalto open"},"ap10":{"capabilities":"[WPA2-EAP-CCMP][ESS]","level":-83,"frequency":2437,"BSSID":"00:27:0d:2d:dd:c1","SSID":"eduroam"},"ap2":{"capabilities":"[WPA2-EAP-CCMP][ESS]","level":-82,"frequency":2412,"BSSID":"08:1f:f3:b2:d0:a1","SSID":"eduroam"},"ap1":{"capabilities":"[ESS]","level":-84,"frequency":2437,"BSSID":"00:27:0d:2d:dd:c0","SSID":"aalto open"},"ap6":{"capabilities":"[ESS]","level":-72,"frequency":2412,"BSSID":"08:1f:f3:b2:d0:a0","SSID":"aalto open"},"ap5":{"capabilities":"[WPA2-EAP-CCMP][ESS]","level":-73,"frequency":2412,"BSSID":"00:27:0d:2e:79:f1","SSID":"eduroam"},"ap4":{"capabilities":"[WPA2-PSK-CCMP][ESS]","level":-68,"frequency":2462,"BSSID":"f8:5f:2a:5f:5c:a8","SSID":"NOKIA Lumia 900_5438"},"ap3":{"capabilities":"[WPA-PSK-TKIP][WPS][ESS]","level":-80,"frequency":2427,"BSSID":"00:18:84:88:bf:88","SSID":"MyPlace"}},"measurement 15":{"ap14":{"capabilities":"[WPA2-EAP-CCMP][ESS]","level":-84,"frequency":2462,"BSSID":"a0:cf:5b:fa:34:e1","SSID":"eduroam"},"ap12":{"capabilities":"[ESS]","level":-82,"frequency":2462,"BSSID":"00:27:0d:2d:d0:70","SSID":"aalto open"},"ap13":{"capabilities":"[WPA2-PSK-CCMP-preauth][ESS]","level":-92,"frequency":2412,"BSSID":"00:1d:7e:fc:31:06","SSID":"NFC"},"ap9":{"capabilities":"[WPA2-EAP-CCMP][ESS]","level":-88,"frequency":2437,"BSSID":"00:27:0d:2d:dd:c1","SSID":"eduroam"},"ap8":{"capabilities":"[WPA2-EAP-CCMP][ESS]","level":-81,"frequency":2462,"BSSID":"00:27:0d:08:c2:11","SSID":"eduroam"},"ap7":{"capabilities":"[ESS]","level":-81,"frequency":2412,"BSSID":"00:27:0d:2e:79:f0","SSID":"aalto open"},"ap11":{"capabilities":"[WPA2-PSK-CCMP][ESS]","level":-91,"frequency":2412,"BSSID":"00:24:36:a6:e0:13","SSID":"marjonverkko"},"ap10":{"capabilities":"[ESS]","level":-84,"frequency":2462,"BSSID":"00:27:0d:08:c2:10","SSID":"aalto open"},"ap2":{"capabilities":"[WPA2-EAP-CCMP][ESS]","level":-79,"frequency":2412,"BSSID":"08:1f:f3:b2:d0:a1","SSID":"eduroam"},"ap1":{"capabilities":"[ESS]","level":-90,"frequency":2437,"BSSID":"00:27:0d:2d:dd:c0","SSID":"aalto open"},"ap6":{"capabilities":"[ESS]","level":-81,"frequency":2412,"BSSID":"08:1f:f3:b2:d0:a0","SSID":"aalto open"},"ap5":{"capabilities":"[WPA2-EAP-CCMP][ESS]","level":-78,"frequency":2412,"BSSID":"00:27:0d:2e:79:f1","SSID":"eduroam"},"ap4":{"capabilities":"[WPA2-PSK-CCMP][ESS]","level":-70,"frequency":2462,"BSSID":"f8:5f:2a:5f:5c:a8","SSID":"NOKIA Lumia 900_5438"},"ap3":{"capabilities":"[WPA-PSK-TKIP][WPS][ESS]","level":-83,"frequency":2427,"BSSID":"00:18:84:88:bf:88","SSID":"MyPlace"}}}