{"measurement 5":{"ap14":{"capabilities":"[WPA2-EAP-CCMP][ESS]","level":-84,"frequency":2462,"BSSID":"00:27:0d:08:c2:11","SSID":"eduroam"},"ap15":{"capabilities":"[ESS]","level":-99,"frequency":2412,"BSSID":"00:27:0d:08:be:80","SSID":"aalto open"},"ap12":{"capabilities":"[WPA2-PSK-CCMP][ESS]","level":-91,"frequency":2412,"BSSID":"34:23:ba:ad:8e:8c","SSID":"AndroidAP"},"ap13":{"capabilities":"[WPA2-EAP-CCMP][ESS]","level":-92,"frequency":2412,"BSSID":"00:27:0d:08:be:81","SSID":"eduroam"},"ap18":{"capabilities":"[WPA2-PSK-CCMP][ESS]","level":-82,"frequency":2437,"BSSID":"02:1a:11:fd:5b:ea","SSID":"AndroidJaakko"},"ap19":{"capabilities":"[ESS]","level":-84,"frequency":2412,"BSSID":"00:27:0d:2e:79:f0","SSID":"aalto open"},"ap16":{"capabilities":"[ESS]","level":-75,"frequency":2462,"BSSID":"a0:cf:5b:fa:34:e0","SSID":"aalto open"},"ap17":{"capabilities":"[ESS]","level":-86,"frequency":2437,"BSSID":"00:90:4c:91:00:03","SSID":"dd-wrt"},"ap9":{"capabilities":"[WPA2-EAP-CCMP][ESS]","level":-78,"frequency":2462,"BSSID":"a0:cf:5b:fa:34:e1","SSID":"eduroam"},"ap8":{"capabilities":"[ESS]","level":-83,"frequency":2437,"BSSID":"00:27:0d:2d:dd:c0","SSID":"aalto open"},"ap7":{"capabilities":"[WPA2-PSK-CCMP-preauth][ESS]","level":-84,"frequency":2412,"BSSID":"00:1d:7e:fc:31:06","SSID":"NFC"},"ap20":{"capabilities":"[ESS]","level":-95,"frequency":2412,"BSSID":"60:02:b4:68:76:8d","SSID":"onnibus.com"},"ap11":{"capabilities":"[ESS]","level":-82,"frequency":2462,"BSSID":"a4:56:30:e8:17:60","SSID":"aalto open"},"ap10":{"capabilities":"[WPA2-EAP-CCMP][ESS]","level":-83,"frequency":2462,"BSSID":"a4:56:30:e8:17:61","SSID":"eduroam"},"ap2":{"capabilities":"[WPA2-EAP-CCMP][ESS]","level":-70,"frequency":2412,"BSSID":"08:1f:f3:b2:d0:a1","SSID":"eduroam"},"ap1":{"capabilities":"[WPA2-EAP-CCMP][ESS]","level":-79,"frequency":2437,"BSSID":"00:27:0d:2d:dd:c1","SSID":"eduroam"},"ap6":{"capabilities":"[WPA2-EAP-CCMP][ESS]","level":-86,"frequency":2462,"BSSID":"00:27:0d:2d:d0:71","SSID":"eduroam"},"ap5":{"capabilities":"[ESS]","level":-72,"frequency":2412,"BSSID":"08:1f:f3:b2:d0:a0","SSID":"aalto open"},"ap4":{"capabilities":"[WPA-PSK-TKIP][WPS][ESS]","level":-59,"frequency":2427,"BSSID":"00:18:84:88:bf:88","SSID":"MyPlace"},"ap3":{"capabilities":"[WPA2-EAP-CCMP][ESS]","level":-85,"frequency":2412,"BSSID":"00:27:0d:2e:79:f1","SSID":"eduroam"}},"measurement 4":{"ap14":{"capabilities":"[WPA2-EAP-CCMP][ESS]","level":-92,"frequency":2412,"BSSID":"00:27:0d:08:be:81","SSID":"eduroam"},"ap15":{"capabilities":"[WPA2-EAP-CCMP][ESS]","level":-84,"frequency":2462,"BSSID":"00:27:0d:08:c2:11","SSID":"eduroam"},"ap12":{"capabilities":"[ESS]","level":-82,"frequency":2462,"BSSID":"a4:56:30:e8:17:60","SSID":"aalto open"},"ap13":{"capabilities":"[WPA2-PSK-CCMP][ESS]","level":-91,"frequency":2412,"BSSID":"34:23:ba:ad:8e:8c","SSID":"AndroidAP"},"ap18":{"capabilities":"[ESS]","level":-86,"frequency":2437,"BSSID":"00:90:4c:91:00:03","SSID":"dd-wrt"},"ap16":{"capabilities":"[ESS]","level":-99,"frequency":2412,"BSSID":"00:27:0d:08:be:80","SSID":"aalto open"},"ap17":{"capabilities":"[ESS]","level":-78,"frequency":2462,"BSSID":"a0:cf:5b:fa:34:e0","SSID":"aalto open"},"ap9":{"capabilities":"[ESS]","level":-85,"frequency":2462,"BSSID":"00:27:0d:2d:d0:70","SSID":"aalto open"},"ap8":{"capabilities":"[ESS]","level":-81,"frequency":2437,"BSSID":"00:27:0d:2d:dd:c0","SSID":"aalto open"},"ap7":{"capabilities":"[WPA2-PSK-CCMP-preauth][ESS]","level":-83,"frequency":2412,"BSSID":"00:1d:7e:fc:31:06","SSID":"NFC"},"ap11":{"capabilities":"[WPA2-EAP-CCMP][ESS]","level":-83,"frequency":2462,"BSSID":"a4:56:30:e8:17:61","SSID":"eduroam"},"ap10":{"capabilities":"[WPA2-EAP-CCMP][ESS]","level":-80,"frequency":2462,"BSSID":"a0:cf:5b:fa:34:e1","SSID":"eduroam"},"ap2":{"capabilities":"[WPA2-EAP-CCMP][ESS]","level":-71,"frequency":2412,"BSSID":"08:1f:f3:b2:d0:a1","SSID":"eduroam"},"ap1":{"capabilities":"[WPA2-EAP-CCMP][ESS]","level":-79,"frequency":2437,"BSSID":"00:27:0d:2d:dd:c1","SSID":"eduroam"},"ap6":{"capabilities":"[WPA2-EAP-CCMP][ESS]","level":-84,"frequency":2462,"BSSID":"00:27:0d:2d:d0:71","SSID":"eduroam"},"ap5":{"capabilities":"[ESS]","level":-72,"frequency":2412,"BSSID":"08:1f:f3:b2:d0:a0","SSID":"aalto open"},"ap4":{"capabilities":"[WPA-PSK-TKIP][WPS][ESS]","level":-60,"frequency":2427,"BSSID":"00:18:84:88:bf:88","SSID":"MyPlace"},"ap3":{"capabilities":"[WPA2-EAP-CCMP][ESS]","level":-85,"frequency":2412,"BSSID":"00:27:0d:2e:79:f1","SSID":"eduroam"}},"measurement 7":{"ap14":{"capabilities":"[ESS]","level":-79,"frequency":2462,"BSSID":"a0:cf:5b:fa:34:e0","SSID":"aalto open"},"ap15":{"capabilities":"[ESS]","level":-85,"frequency":2437,"BSSID":"00:90:4c:91:00:03","SSID":"dd-wrt"},"ap12":{"capabilities":"[WPA2-PSK-CCMP][ESS]","level":-93,"frequency":2412,"BSSID":"34:23:ba:ad:8e:8c","SSID":"AndroidAP"},"ap13":{"capabilities":"[ESS]","level":-95,"frequency":2412,"BSSID":"00:27:0d:08:be:80","SSID":"aalto open"},"ap18":{"capabilities":"[ESS]","level":-95,"frequency":2412,"BSSID":"60:02:b4:68:76:8d","SSID":"onnibus.com"},"ap16":{"capabilities":"[WPA2-PSK-CCMP][ESS]","level":-82,"frequency":2437,"BSSID":"02:1a:11:fd:5b:ea","SSID":"AndroidJaakko"},"ap17":{"capabilities":"[ESS]","level":-84,"frequency":2412,"BSSID":"00:27:0d:2e:79:f0","SSID":"aalto open"},"ap9":{"capabilities":"[WPA2-EAP-CCMP][ESS]","level":-81,"frequency":2462,"BSSID":"a0:cf:5b:fa:34:e1","SSID":"eduroam"},"ap8":{"capabilities":"[ESS]","level":-87,"frequency":2437,"BSSID":"00:27:0d:2d:dd:c0","SSID":"aalto open"},"ap7":{"capabilities":"[WPA2-PSK-CCMP-preauth][ESS]","level":-83,"frequency":2412,"BSSID":"00:1d:7e:fc:31:06","SSID":"NFC"},"ap11":{"capabilities":"[ESS]","level":-82,"frequency":2462,"BSSID":"a4:56:30:e8:17:60","SSID":"aalto open"},"ap10":{"capabilities":"[WPA2-EAP-CCMP][ESS]","level":-80,"frequency":2462,"BSSID":"a4:56:30:e8:17:61","SSID":"eduroam"},"ap2":{"capabilities":"[WPA2-EAP-CCMP][ESS]","level":-72,"frequency":2412,"BSSID":"08:1f:f3:b2:d0:a1","SSID":"eduroam"},"ap1":{"capabilities":"[WPA2-EAP-CCMP][ESS]","level":-74,"frequency":2437,"BSSID":"00:27:0d:2d:dd:c1","SSID":"eduroam"},"ap6":{"capabilities":"[WPA2-EAP-CCMP][ESS]","level":-82,"frequency":2462,"BSSID":"00:27:0d:2d:d0:71","SSID":"eduroam"},"ap5":{"capabilities":"[ESS]","level":-58,"frequency":2412,"BSSID":"08:1f:f3:b2:d0:a0","SSID":"aalto open"},"ap4":{"capabilities":"[WPA-PSK-TKIP][WPS][ESS]","level":-53,"frequency":2427,"BSSID":"00:18:84:88:bf:88","SSID":"MyPlace"},"ap3":{"capabilities":"[WPA2-EAP-CCMP][ESS]","level":-82,"frequency":2412,"BSSID":"00:27:0d:2e:79:f1","SSID":"eduroam"}},"measurement 6":{"ap14":{"capabilities":"[ESS]","level":-99,"frequency":2412,"BSSID":"00:27:0d:08:be:80","SSID":"aalto open"},"ap15":{"capabilities":"[ESS]","level":-80,"frequency":2462,"BSSID":"a0:cf:5b:fa:34:e0","SSID":"aalto open"},"ap12":{"capabilities":"[WPA2-PSK-CCMP][ESS]","level":-93,"frequency":2412,"BSSID":"34:23:ba:ad:8e:8c","SSID":"AndroidAP"},"ap13":{"capabilities":"[WPA2-EAP-CCMP][ESS]","level":-84,"frequency":2462,"BSSID":"00:27:0d:08:c2:11","SSID":"eduroam"},"ap18":{"capabilities":"[ESS]","level":-84,"frequency":2412,"BSSID":"00:27:0d:2e:79:f0","SSID":"aalto open"},"ap19":{"capabilities":"[ESS]","level":-95,"frequency":2412,"BSSID":"60:02:b4:68:76:8d","SSID":"onnibus.com"},"ap16":{"capabilities":"[ESS]","level":-85,"frequency":2437,"BSSID":"00:90:4c:91:00:03","SSID":"dd-wrt"},"ap17":{"capabilities":"[WPA2-PSK-CCMP][ESS]","level":-82,"frequency":2437,"BSSID":"02:1a:11:fd:5b:ea","SSID":"AndroidJaakko"},"ap9":{"capabilities":"[WPA2-EAP-CCMP][ESS]","level":-79,"frequency":2462,"BSSID":"a0:cf:5b:fa:34:e1","SSID":"eduroam"},"ap8":{"capabilities":"[ESS]","level":-82,"frequency":2437,"BSSID":"00:27:0d:2d:dd:c0","SSID":"aalto open"},"ap7":{"capabilities":"[WPA2-PSK-CCMP-preauth][ESS]","level":-86,"frequency":2412,"BSSID":"00:1d:7e:fc:31:06","SSID":"NFC"},"ap11":{"capabilities":"[ESS]","level":-82,"frequency":2462,"BSSID":"a4:56:30:e8:17:60","SSID":"aalto open"},"ap10":{"capabilities":"[WPA2-EAP-CCMP][ESS]","level":-78,"frequency":2462,"BSSID":"a4:56:30:e8:17:61","SSID":"eduroam"},"ap2":{"capabilities":"[WPA2-EAP-CCMP][ESS]","level":-69,"frequency":2412,"BSSID":"08:1f:f3:b2:d0:a1","SSID":"eduroam"},"ap1":{"capabilities":"[WPA2-EAP-CCMP][ESS]","level":-81,"frequency":2437,"BSSID":"00:27:0d:2d:dd:c1","SSID":"eduroam"},"ap6":{"capabilities":"[WPA2-EAP-CCMP][ESS]","level":-86,"frequency":2462,"BSSID":"00:27:0d:2d:d0:71","SSID":"eduroam"},"ap5":{"capabilities":"[ESS]","level":-72,"frequency":2412,"BSSID":"08:1f:f3:b2:d0:a0","SSID":"aalto open"},"ap4":{"capabilities":"[WPA-PSK-TKIP][WPS][ESS]","level":-51,"frequency":2427,"BSSID":"00:18:84:88:bf:88","SSID":"MyPlace"},"ap3":{"capabilities":"[WPA2-EAP-CCMP][ESS]","level":-85,"frequency":2412,"BSSID":"00:27:0d:2e:79:f1","SSID":"eduroam"}},"measurement 9":{"ap14":{"capabilities":"[ESS]","level":-81,"frequency":2462,"BSSID":"a0:cf:5b:fa:34:e0","SSID":"aalto open"},"ap15":{"capabilities":"[ESS]","level":-85,"frequency":2437,"BSSID":"00:90:4c:91:00:03","SSID":"dd-wrt"},"ap12":{"capabilities":"[WPA2-PSK-CCMP][ESS]","level":-91,"frequency":2412,"BSSID":"34:23:ba:ad:8e:8c","SSID":"AndroidAP"},"ap13":{"capabilities":"[ESS]","level":-81,"frequency":2412,"BSSID":"00:27:0d:08:be:80","SSID":"aalto open"},"ap18":{"capabilities":"[WPA2-EAP-CCMP][ESS]","level":-88,"frequency":2412,"BSSID":"00:27:0d:0b:d1:c1","SSID":"eduroam"},"ap19":{"capabilities":"[ESS]","level":-81,"frequency":2462,"BSSID":"00:27:0d:2d:d0:70","SSID":"aalto open"},"ap16":{"capabilities":"[ESS]","level":-83,"frequency":2412,"BSSID":"00:27:0d:2e:79:f0","SSID":"aalto open"},"ap17":{"capabilities":"[WPA2-EAP-CCMP][ESS]","level":-88,"frequency":2412,"BSSID":"00:27:0d:08:bf:11","SSID":"eduroam"},"ap9":{"capabilities":"[WPA2-EAP-CCMP][ESS]","level":-80,"frequency":2462,"BSSID":"a0:cf:5b:fa:34:e1","SSID":"eduroam"},"ap8":{"capabilities":"[ESS]","level":-75,"frequency":2437,"BSSID":"00:27:0d:2d:dd:c0","SSID":"aalto open"},"ap7":{"capabilities":"[WPA2-PSK-CCMP-preauth][ESS]","level":-86,"frequency":2412,"BSSID":"00:1d:7e:fc:31:06","SSID":"NFC"},"ap20":{"capabilities":"[ESS]","level":-90,"frequency":2412,"BSSID":"00:22:55:df:65:10","SSID":"aalto open"},"ap11":{"capabilities":"[ESS]","level":-81,"frequency":2462,"BSSID":"a4:56:30:e8:17:60","SSID":"aalto open"},"ap10":{"capabilities":"[WPA2-EAP-CCMP][ESS]","level":-83,"frequency":2462,"BSSID":"a4:56:30:e8:17:61","SSID":"eduroam"},"ap21":{"capabilities":"[ESS]","level":-83,"frequency":2462,"BSSID":"00:27:0d:08:c2:10","SSID":"aalto open"},"ap2":{"capabilities":"[WPA2-EAP-CCMP][ESS]","level":-60,"frequency":2412,"BSSID":"08:1f:f3:b2:d0:a1","SSID":"eduroam"},"ap1":{"capabilities":"[WPA2-EAP-CCMP][ESS]","level":-88,"frequency":2437,"BSSID":"00:27:0d:2d:dd:c1","SSID":"eduroam"},"ap6":{"capabilities":"[WPA2-EAP-CCMP][ESS]","level":-82,"frequency":2462,"BSSID":"00:27:0d:2d:d0:71","SSID":"eduroam"},"ap5":{"capabilities":"[ESS]","level":-70,"frequency":2412,"BSSID":"08:1f:f3:b2:d0:a0","SSID":"aalto open"},"ap4":{"capabilities":"[WPA-PSK-TKIP][WPS][ESS]","level":-55,"frequency":2427,"BSSID":"00:18:84:88:bf:88","SSID":"MyPlace"},"ap3":{"capabilities":"[WPA2-EAP-CCMP][ESS]","level":-81,"frequency":2412,"BSSID":"00:27:0d:2e:79:f1","SSID":"eduroam"}},"measurement 8":{"ap14":{"capabilities":"[ESS]","level":-81,"frequency":2462,"BSSID":"a0:cf:5b:fa:34:e0","SSID":"aalto open"},"ap15":{"capabilities":"[ESS]","level":-85,"frequency":2437,"BSSID":"00:90:4c:91:00:03","SSID":"dd-wrt"},"ap12":{"capabilities":"[WPA2-PSK-CCMP][ESS]","level":-93,"frequency":2412,"BSSID":"34:23:ba:ad:8e:8c","SSID":"AndroidAP"},"ap13":{"capabilities":"[ESS]","level":-81,"frequency":2412,"BSSID":"00:27:0d:08:be:80","SSID":"aalto open"},"ap18":{"capabilities":"[ESS]","level":-95,"frequency":2412,"BSSID":"60:02:b4:68:76:8d","SSID":"onnibus.com"},"ap19":{"capabilities":"[WPA2-EAP-CCMP][ESS]","level":-89,"frequency":2412,"BSSID":"00:27:0d:08:bf:11","SSID":"eduroam"},"ap16":{"capabilities":"[WPA2-PSK-CCMP][ESS]","level":-82,"frequency":2437,"BSSID":"02:1a:11:fd:5b:ea","SSID":"AndroidJaakko"},"ap17":{"capabilities":"[ESS]","level":-83,"frequency":2412,"BSSID":"00:27:0d:2e:79:f0","SSID":"aalto open"},"ap9":{"capabilities":"[WPA2-EAP-CCMP][ESS]","level":-80,"frequency":2462,"BSSID":"a0:cf:5b:fa:34:e1","SSID":"eduroam"},"ap8":{"capabilities":"[ESS]","level":-85,"frequency":2437,"BSSID":"00:27:0d:2d:dd:c0","SSID":"aalto open"},"ap7":{"capabilities":"[WPA2-PSK-CCMP-preauth][ESS]","level":-85,"frequency":2412,"BSSID":"00:1d:7e:fc:31:06","SSID":"NFC"},"ap20":{"capabilities":"[WPA2-EAP-CCMP][ESS]","level":-92,"frequency":2412,"BSSID":"00:27:0d:0b:d1:c1","SSID":"eduroam"},"ap11":{"capabilities":"[ESS]","level":-84,"frequency":2462,"BSSID":"a4:56:30:e8:17:60","SSID":"aalto open"},"ap10":{"capabilities":"[WPA2-EAP-CCMP][ESS]","level":-80,"frequency":2462,"BSSID":"a4:56:30:e8:17:61","SSID":"eduroam"},"ap22":{"capabilities":"[ESS]","level":-92,"frequency":2412,"BSSID":"00:22:55:df:65:10","SSID":"aalto open"},"ap21":{"capabilities":"[ESS]","level":-81,"frequency":2462,"BSSID":"00:27:0d:2d:d0:70","SSID":"aalto open"},"ap2":{"capabilities":"[WPA2-EAP-CCMP][ESS]","level":-77,"frequency":2412,"BSSID":"08:1f:f3:b2:d0:a1","SSID":"eduroam"},"ap1":{"capabilities":"[WPA2-EAP-CCMP][ESS]","level":-77,"frequency":2437,"BSSID":"00:27:0d:2d:dd:c1","SSID":"eduroam"},"ap6":{"capabilities":"[WPA2-EAP-CCMP][ESS]","level":-82,"frequency":2462,"BSSID":"00:27:0d:2d:d0:71","SSID":"eduroam"},"ap5":{"capabilities":"[ESS]","level":-62,"frequency":2412,"BSSID":"08:1f:f3:b2:d0:a0","SSID":"aalto open"},"ap4":{"capabilities":"[WPA-PSK-TKIP][WPS][ESS]","level":-54,"frequency":2427,"BSSID":"00:18:84:88:bf:88","SSID":"MyPlace"},"ap3":{"capabilities":"[WPA2-EAP-CCMP][ESS]","level":-81,"frequency":2412,"BSSID":"00:27:0d:2e:79:f1","SSID":"eduroam"}},"measurement 10":{"ap14":{"capabilities":"[ESS]","level":-82,"frequency":2462,"BSSID":"a0:cf:5b:fa:34:e0","SSID":"aalto open"},"ap15":{"capabilities":"[ESS]","level":-80,"frequency":2412,"BSSID":"00:27:0d:2e:79:f0","SSID":"aalto open"},"ap12":{"capabilities":"[WPA2-PSK-CCMP][ESS]","level":-91,"frequency":2412,"BSSID":"34:23:ba:ad:8e:8c","SSID":"AndroidAP"},"ap13":{"capabilities":"[ESS]","level":-81,"frequency":2412,"BSSID":"00:27:0d:08:be:80","SSID":"aalto open"},"ap18":{"capabilities":"[ESS]","level":-80,"frequency":2462,"BSSID":"00:27:0d:2d:d0:70","SSID":"aalto open"},"ap19":{"capabilities":"[ESS]","level":-90,"frequency":2412,"BSSID":"00:22:55:df:65:10","SSID":"aalto open"},"ap16":{"capabilities":"[WPA2-EAP-CCMP][ESS]","level":-88,"frequency":2412,"BSSID":"00:27:0d:08:bf:11","SSID":"eduroam"},"ap17":{"capabilities":"[WPA2-EAP-CCMP][ESS]","level":-88,"frequency":2412,"BSSID":"00:27:0d:0b:d1:c1","SSID":"eduroam"},"ap9":{"capabilities":"[WPA2-EAP-CCMP][ESS]","level":-80,"frequency":2462,"BSSID":"a0:cf:5b:fa:34:e1","SSID":"eduroam"},"ap8":{"capabilities":"[ESS]","level":-72,"frequency":2437,"BSSID":"00:27:0d:2d:dd:c0","SSID":"aalto open"},"ap7":{"capabilities":"[WPA2-PSK-CCMP-preauth][ESS]","level":-77,"frequency":2412,"BSSID":"00:1d:7e:fc:31:06","SSID":"NFC"},"ap20":{"capabilities":"[ESS]","level":-83,"frequency":2462,"BSSID":"00:27:0d:08:c2:10","SSID":"aalto open"},"ap11":{"capabilities":"[ESS]","level":-81,"frequency":2462,"BSSID":"a4:56:30:e8:17:60","SSID":"aalto open"},"ap10":{"capabilities":"[WPA2-EAP-CCMP][ESS]","level":-82,"frequency":2462,"BSSID":"a4:56:30:e8:17:61","SSID":"eduroam"},"ap21":{"capabilities":"[WPA2-EAP-CCMP][ESS]","level":-88,"frequency":2412,"BSSID":"00:22:55:df:65:11","SSID":"eduroam"},"ap2":{"capabilities":"[WPA2-EAP-CCMP][ESS]","level":-66,"frequency":2412,"BSSID":"08:1f:f3:b2:d0:a1","SSID":"eduroam"},"ap1":{"capabilities":"[WPA2-EAP-CCMP][ESS]","level":-82,"frequency":2437,"BSSID":"00:27:0d:2d:dd:c1","SSID":"eduroam"},"ap6":{"capabilities":"[WPA2-EAP-CCMP][ESS]","level":-79,"frequency":2462,"BSSID":"00:27:0d:2d:d0:71","SSID":"eduroam"},"ap5":{"capabilities":"[ESS]","level":-64,"frequency":2412,"BSSID":"08:1f:f3:b2:d0:a0","SSID":"aalto open"},"ap4":{"capabilities":"[WPA-PSK-TKIP][WPS][ESS]","level":-56,"frequency":2427,"BSSID":"00:18:84:88:bf:88","SSID":"MyPlace"},"ap3":{"capabilities":"[WPA2-EAP-CCMP][ESS]","level":-78,"frequency":2412,"BSSID":"00:27:0d:2e:79:f1","SSID":"eduroam"}},"measurement 12":{"ap14":{"capabilities":"[ESS]","level":-84,"frequency":2412,"BSSID":"00:27:0d:2e:79:f0","SSID":"aalto open"},"ap15":{"capabilities":"[WPA2-EAP-CCMP][ESS]","level":-88,"frequency":2412,"BSSID":"00:27:0d:08:bf:11","SSID":"eduroam"},"ap12":{"capabilities":"[WPA2-PSK-CCMP][ESS]","level":-91,"frequency":2412,"BSSID":"34:23:ba:ad:8e:8c","SSID":"AndroidAP"},"ap13":{"capabilities":"[ESS]","level":-82,"frequency":2462,"BSSID":"a0:cf:5b:fa:34:e0","SSID":"aalto open"},"ap18":{"capabilities":"[ESS]","level":-90,"frequency":2412,"BSSID":"00:22:55:df:65:10","SSID":"aalto open"},"ap19":{"capabilities":"[ESS]","level":-83,"frequency":2462,"BSSID":"00:27:0d:08:c2:10","SSID":"aalto open"},"ap16":{"capabilities":"[WPA2-EAP-CCMP][ESS]","level":-88,"frequency":2412,"BSSID":"00:27:0d:0b:d1:c1","SSID":"eduroam"},"ap17":{"capabilities":"[ESS]","level":-80,"frequency":2462,"BSSID":"00:27:0d:2d:d0:70","SSID":"aalto open"},"ap9":{"capabilities":"[WPA2-EAP-CCMP][ESS]","level":-80,"frequency":2462,"BSSID":"a0:cf:5b:fa:34:e1","SSID":"eduroam"},"ap8":{"capabilities":"[ESS]","level":-85,"frequency":2437,"BSSID":"00:27:0d:2d:dd:c0","SSID":"aalto open"},"ap7":{"capabilities":"[WPA2-PSK-CCMP-preauth][ESS]","level":-85,"frequency":2412,"BSSID":"00:1d:7e:fc:31:06","SSID":"NFC"},"ap20":{"capabilities":"[WPA2-EAP-CCMP][ESS]","level":-94,"frequency":2412,"BSSID":"00:22:55:df:65:11","SSID":"eduroam"},"ap11":{"capabilities":"[ESS]","level":-81,"frequency":2462,"BSSID":"a4:56:30:e8:17:60","SSID":"aalto open"},"ap10":{"capabilities":"[WPA2-EAP-CCMP][ESS]","level":-80,"frequency":2462,"BSSID":"a4:56:30:e8:17:61","SSID":"eduroam"},"ap21":{"capabilities":"[ESS]","level":-90,"frequency":2412,"BSSID":"00:27:0d:0b:d1:c0","SSID":"aalto open"},"ap2":{"capabilities":"[WPA2-EAP-CCMP][ESS]","level":-63,"frequency":2412,"BSSID":"08:1f:f3:b2:d0:a1","SSID":"eduroam"},"ap1":{"capabilities":"[WPA2-EAP-CCMP][ESS]","level":-86,"frequency":2437,"BSSID":"00:27:0d:2d:dd:c1","SSID":"eduroam"},"ap6":{"capabilities":"[WPA2-EAP-CCMP][ESS]","level":-81,"frequency":2462,"BSSID":"00:27:0d:2d:d0:71","SSID":"eduroam"},"ap5":{"capabilities":"[ESS]","level":-64,"frequency":2412,"BSSID":"08:1f:f3:b2:d0:a0","SSID":"aalto open"},"ap4":{"capabilities":"[WPA-PSK-TKIP][WPS][ESS]","level":-54,"frequency":2427,"BSSID":"00:18:84:88:bf:88","SSID":"MyPlace"},"ap3":{"capabilities":"[WPA2-EAP-CCMP][ESS]","level":-87,"frequency":2412,"BSSID":"00:27:0d:2e:79:f1","SSID":"eduroam"}},"measurement 11":{"ap14":{"capabilities":"[ESS]","level":-82,"frequency":2462,"BSSID":"a0:cf:5b:fa:34:e0","SSID":"aalto open"},"ap15":{"capabilities":"[ESS]","level":-80,"frequency":2412,"BSSID":"00:27:0d:2e:79:f0","SSID":"aalto open"},"ap12":{"capabilities":"[WPA2-PSK-CCMP][ESS]","level":-91,"frequency":2412,"BSSID":"34:23:ba:ad:8e:8c","SSID":"AndroidAP"},"ap13":{"capabilities":"[ESS]","level":-81,"frequency":2412,"BSSID":"00:27:0d:08:be:80","SSID":"aalto open"},"ap18":{"capabilities":"[ESS]","level":-79,"frequency":2462,"BSSID":"00:27:0d:2d:d0:70","SSID":"aalto open"},"ap19":{"capabilities":"[ESS]","level":-90,"frequency":2412,"BSSID":"00:22:55:df:65:10","SSID":"aalto open"},"ap16":{"capabilities":"[WPA2-EAP-CCMP][ESS]","level":-88,"frequency":2412,"BSSID":"00:27:0d:08:bf:11","SSID":"eduroam"},"ap17":{"capabilities":"[WPA2-EAP-CCMP][ESS]","level":-88,"frequency":2412,"BSSID":"00:27:0d:0b:d1:c1","SSID":"eduroam"},"ap9":{"capabilities":"[WPA2-EAP-CCMP][ESS]","level":-80,"frequency":2462,"BSSID":"a0:cf:5b:fa:34:e1","SSID":"eduroam"},"ap8":{"capabilities":"[ESS]","level":-79,"frequency":2437,"BSSID":"00:27:0d:2d:dd:c0","SSID":"aalto open"},"ap7":{"capabilities":"[WPA2-PSK-CCMP-preauth][ESS]","level":-85,"frequency":2412,"BSSID":"00:1d:7e:fc:31:06","SSID":"NFC"},"ap20":{"capabilities":"[ESS]","level":-83,"frequency":2462,"BSSID":"00:27:0d:08:c2:10","SSID":"aalto open"},"ap11":{"capabilities":"[ESS]","level":-81,"frequency":2462,"BSSID":"a4:56:30:e8:17:60","SSID":"aalto open"},"ap10":{"capabilities":"[WPA2-EAP-CCMP][ESS]","level":-80,"frequency":2462,"BSSID":"a4:56:30:e8:17:61","SSID":"eduroam"},"ap21":{"capabilities":"[WPA2-EAP-CCMP][ESS]","level":-92,"frequency":2412,"BSSID":"00:22:55:df:65:11","SSID":"eduroam"},"ap2":{"capabilities":"[WPA2-EAP-CCMP][ESS]","level":-69,"frequency":2412,"BSSID":"08:1f:f3:b2:d0:a1","SSID":"eduroam"},"ap1":{"capabilities":"[WPA2-EAP-CCMP][ESS]","level":-74,"frequency":2437,"BSSID":"00:27:0d:2d:dd:c1","SSID":"eduroam"},"ap6":{"capabilities":"[WPA2-EAP-CCMP][ESS]","level":-79,"frequency":2462,"BSSID":"00:27:0d:2d:d0:71","SSID":"eduroam"},"ap5":{"capabilities":"[ESS]","level":-65,"frequency":2412,"BSSID":"08:1f:f3:b2:d0:a0","SSID":"aalto open"},"ap4":{"capabilities":"[WPA-PSK-TKIP][WPS][ESS]","level":-56,"frequency":2427,"BSSID":"00:18:84:88:bf:88","SSID":"MyPlace"},"ap3":{"capabilities":"[WPA2-EAP-CCMP][ESS]","level":-93,"frequency":2412,"BSSID":"00:27:0d:2e:79:f1","SSID":"eduroam"}},"measurement 1":{"ap14":{"capabilities":"[ESS]","level":-82,"frequency":2462,"BSSID":"a0:cf:5b:fa:34:e0","SSID":"aalto open"},"ap15":{"capabilities":"[WPA2-EAP-CCMP][ESS]","level":-83,"frequency":2412,"BSSID":"00:27:0d:0b:d1:c1","SSID":"eduroam"},"ap12":{"capabilities":"[ESS]","level":-81,"frequency":2437,"BSSID":"00:27:0d:2d:dd:c0","SSID":"aalto open"},"ap13":{"capabilities":"[ESS]","level":-85,"frequency":2462,"BSSID":"00:27:0d:2d:d0:70","SSID":"aalto open"},"ap18":{"capabilities":"[WPA2-EAP-CCMP][ESS]","level":-83,"frequency":2462,"BSSID":"a4:56:30:e8:17:61","SSID":"eduroam"},"ap19":{"capabilities":"[ESS]","level":-83,"frequency":2462,"BSSID":"a4:56:30:e8:17:60","SSID":"aalto open"},"ap16":{"capabilities":"[ESS]","level":-94,"frequency":2412,"BSSID":"00:27:0d:0b:d1:c0","SSID":"aalto open"},"ap17":{"capabilities":"[WPA2-EAP-CCMP][ESS]","level":-83,"frequency":2462,"BSSID":"a0:cf:5b:fa:34:e1","SSID":"eduroam"},"ap9":{"capabilities":"[ESS]","level":-69,"frequency":2412,"BSSID":"08:1f:f3:b2:d0:a0","SSID":"aalto open"},"ap8":{"capabilities":"[ESS]","level":-80,"frequency":2462,"BSSID":"00:27:0d:08:c2:10","SSID":"aalto open"},"ap7":{"capabilities":"[WPA2-PSK-CCMP][ESS]","level":-86,"frequency":2412,"BSSID":"00:24:36:a6:e0:13","SSID":"marjonverkko"},"ap11":{"capabilities":"[WPA2-PSK-CCMP-preauth][ESS]","level":-94,"frequency":2412,"BSSID":"00:1d:7e:fc:31:06","SSID":"NFC"},"ap10":{"capabilities":"[WPA2-EAP-CCMP][ESS]","level":-82,"frequency":2462,"BSSID":"00:27:0d:2d:d0:71","SSID":"eduroam"},"ap2":{"capabilities":"[WPA2-EAP-CCMP][ESS]","level":-73,"frequency":2412,"BSSID":"08:1f:f3:b2:d0:a1","SSID":"eduroam"},"ap1":{"capabilities":"[WPA2-EAP-CCMP][ESS]","level":-80,"frequency":2437,"BSSID":"00:27:0d:2d:dd:c1","SSID":"eduroam"},"ap6":{"capabilities":"[WPA2-EAP-CCMP][ESS]","level":-80,"frequency":2462,"BSSID":"00:27:0d:08:c2:11","SSID":"eduroam"},"ap5":{"capabilities":"[ESS]","level":-80,"frequency":2412,"BSSID":"00:27:0d:2e:79:f0","SSID":"aalto open"},"ap4":{"capabilities":"[WPA-PSK-TKIP][WPS][ESS]","level":-69,"frequency":2427,"BSSID":"00:18:84:88:bf:88","SSID":"MyPlace"},"ap3":{"capabilities":"[WPA2-EAP-CCMP][ESS]","level":-92,"frequency":2412,"BSSID":"00:27:0d:2e:79:f1","SSID":"eduroam"}},"measurement 14":{"ap14":{"capabilities":"[ESS]","level":-80,"frequency":2462,"BSSID":"00:27:0d:2d:d0:70","SSID":"aalto open"},"ap15":{"capabilities":"[ESS]","level":-96,"frequency":2412,"BSSID":"00:22:55:df:65:10","SSID":"aalto open"},"ap12":{"capabilities":"[ESS]","level":-77,"frequency":2462,"BSSID":"a0:cf:5b:fa:34:e0","SSID":"aalto open"},"ap13":{"capabilities":"[ESS]","level":-85,"frequency":2412,"BSSID":"00:27:0d:2e:79:f0","SSID":"aalto open"},"ap18":{"capabilities":"[WPA2-EAP-CCMP][ESS]","level":-83,"frequency":2462,"BSSID":"00:27:0d:08:c2:11","SSID":"eduroam"},"ap19":{"capabilities":"[ESS]","level":-89,"frequency":2437,"BSSID":"00:90:4c:91:00:03","SSID":"dd-wrt"},"ap16":{"capabilities":"[WPA2-EAP-CCMP][ESS]","level":-92,"frequency":2412,"BSSID":"00:22:55:df:65:11","SSID":"eduroam"},"ap17":{"capabilities":"[ESS]","level":-91,"frequency":2412,"BSSID":"00:27:0d:0b:d1:c0","SSID":"aalto open"},"ap9":{"capabilities":"[WPA2-EAP-CCMP][ESS]","level":-77,"frequency":2462,"BSSID":"a0:cf:5b:fa:34:e1","SSID":"eduroam"},"ap8":{"capabilities":"[ESS]","level":-81,"frequency":2437,"BSSID":"00:27:0d:2d:dd:c0","SSID":"aalto open"},"ap7":{"capabilities":"[WPA2-PSK-CCMP-preauth][ESS]","level":-86,"frequency":2412,"BSSID":"00:1d:7e:fc:31:06","SSID":"NFC"},"ap20":{"capabilities":"[ESS]","level":-93,"frequency":2412,"BSSID":"00:27:0d:08:bf:10","SSID":"aalto open"},"ap11":{"capabilities":"[ESS]","level":-81,"frequency":2462,"BSSID":"a4:56:30:e8:17:60","SSID":"aalto open"},"ap10":{"capabilities":"[WPA2-EAP-CCMP][ESS]","level":-82,"frequency":2462,"BSSID":"a4:56:30:e8:17:61","SSID":"eduroam"},"ap21":{"capabilities":"[WPA-PSK-TKIP+CCMP][WPA2-PSK-TKIP+CCMP][WPS][ESS]","level":-91,"frequency":2427,"BSSID":"10:6f:3f:f7:37:c8","SSID":"Ren_2.4"},"ap2":{"capabilities":"[WPA2-EAP-CCMP][ESS]","level":-71,"frequency":2412,"BSSID":"08:1f:f3:b2:d0:a1","SSID":"eduroam"},"ap1":{"capabilities":"[WPA2-EAP-CCMP][ESS]","level":-84,"frequency":2437,"BSSID":"00:27:0d:2d:dd:c1","SSID":"eduroam"},"ap6":{"capabilities":"[WPA2-EAP-CCMP][ESS]","level":-83,"frequency":2462,"BSSID":"00:27:0d:2d:d0:71","SSID":"eduroam"},"ap5":{"capabilities":"[ESS]","level":-73,"frequency":2412,"BSSID":"08:1f:f3:b2:d0:a0","SSID":"aalto open"},"ap4":{"capabilities":"[WPA-PSK-TKIP][WPS][ESS]","level":-55,"frequency":2427,"BSSID":"00:18:84:88:bf:88","SSID":"MyPlace"},"ap3":{"capabilities":"[WPA2-EAP-CCMP][ESS]","level":-81,"frequency":2412,"BSSID":"00:27:0d:2e:79:f1","SSID":"eduroam"}},"measurement 2":{"ap14":{"capabilities":"[WPA2-EAP-CCMP][ESS]","level":-92,"frequency":2412,"BSSID":"00:27:0d:08:be:81","SSID":"eduroam"},"ap12":{"capabilities":"[ESS]","level":-83,"frequency":2462,"BSSID":"a4:56:30:e8:17:60","SSID":"aalto open"},"ap13":{"capabilities":"[WPA2-PSK-CCMP][ESS]","level":-91,"frequency":2412,"BSSID":"34:23:ba:ad:8e:8c","SSID":"AndroidAP"},"ap9":{"capabilities":"[ESS]","level":-85,"frequency":2462,"BSSID":"00:27:0d:2d:d0:70","SSID":"aalto open"},"ap8":{"capabilities":"[ESS]","level":-77,"frequency":2437,"BSSID":"00:27:0d:2d:dd:c0","SSID":"aalto open"},"ap7":{"capabilities":"[WPA2-PSK-CCMP-preauth][ESS]","level":-88,"frequency":2412,"BSSID":"00:1d:7e:fc:31:06","SSID":"NFC"},"ap11":{"capabilities":"[WPA2-EAP-CCMP][ESS]","level":-83,"frequency":2462,"BSSID":"a4:56:30:e8:17:61","SSID":"eduroam"},"ap10":{"capabilities":"[WPA2-EAP-CCMP][ESS]","level":-76,"frequency":2462,"BSSID":"a0:cf:5b:fa:34:e1","SSID":"eduroam"},"ap2":{"capabilities":"[WPA2-EAP-CCMP][ESS]","level":-61,"frequency":2412,"BSSID":"08:1f:f3:b2:d0:a1","SSID":"eduroam"},"ap1":{"capabilities":"[WPA2-EAP-CCMP][ESS]","level":-78,"frequency":2437,"BSSID":"00:27:0d:2d:dd:c1","SSID":"eduroam"},"ap6":{"capabilities":"[WPA2-EAP-CCMP][ESS]","level":-82,"frequency":2462,"BSSID":"00:27:0d:2d:d0:71","SSID":"eduroam"},"ap5":{"capabilities":"[ESS]","level":-69,"frequency":2412,"BSSID":"08:1f:f3:b2:d0:a0","SSID":"aalto open"},"ap4":{"capabilities":"[WPA-PSK-TKIP][WPS][ESS]","level":-60,"frequency":2427,"BSSID":"00:18:84:88:bf:88","SSID":"MyPlace"},"ap3":{"capabilities":"[WPA2-EAP-CCMP][ESS]","level":-91,"frequency":2412,"BSSID":"00:27:0d:2e:79:f1","SSID":"eduroam"}},"measurement 13":{"ap14":{"capabilities":"[ESS]","level":-80,"frequency":2462,"BSSID":"00:27:0d:2d:d0:70","SSID":"aalto open"},"ap15":{"capabilities":"[ESS]","level":-96,"frequency":2412,"BSSID":"00:22:55:df:65:10","SSID":"aalto open"},"ap12":{"capabilities":"[ESS]","level":-80,"frequency":2462,"BSSID":"a0:cf:5b:fa:34:e0","SSID":"aalto open"},"ap13":{"capabilities":"[ESS]","level":-84,"frequency":2412,"BSSID":"00:27:0d:2e:79:f0","SSID":"aalto open"},"ap18":{"capabilities":"[WPA2-EAP-CCMP][ESS]","level":-83,"frequency":2462,"BSSID":"00:27:0d:08:c2:11","SSID":"eduroam"},"ap19":{"capabilities":"[ESS]","level":-89,"frequency":2437,"BSSID":"00:90:4c:91:00:03","SSID":"dd-wrt"},"ap16":{"capabilities":"[WPA2-EAP-CCMP][ESS]","level":-92,"frequency":2412,"BSSID":"00:22:55:df:65:11","SSID":"eduroam"},"ap17":{"capabilities":"[ESS]","level":-91,"frequency":2412,"BSSID":"00:27:0d:0b:d1:c0","SSID":"aalto open"},"ap9":{"capabilities":"[WPA2-EAP-CCMP][ESS]","level":-77,"frequency":2462,"BSSID":"a0:cf:5b:fa:34:e1","SSID":"eduroam"},"ap8":{"capabilities":"[ESS]","level":-81,"frequency":2437,"BSSID":"00:27:0d:2d:dd:c0","SSID":"aalto open"},"ap7":{"capabilities":"[WPA2-PSK-CCMP-preauth][ESS]","level":-85,"frequency":2412,"BSSID":"00:1d:7e:fc:31:06","SSID":"NFC"},"ap20":{"capabilities":"[ESS]","level":-93,"frequency":2412,"BSSID":"00:27:0d:08:bf:10","SSID":"aalto open"},"ap11":{"capabilities":"[ESS]","level":-81,"frequency":2462,"BSSID":"a4:56:30:e8:17:60","SSID":"aalto open"},"ap10":{"capabilities":"[WPA2-EAP-CCMP][ESS]","level":-82,"frequency":2462,"BSSID":"a4:56:30:e8:17:61","SSID":"eduroam"},"ap2":{"capabilities":"[WPA2-EAP-CCMP][ESS]","level":-71,"frequency":2412,"BSSID":"08:1f:f3:b2:d0:a1","SSID":"eduroam"},"ap1":{"capabilities":"[WPA2-EAP-CCMP][ESS]","level":-84,"frequency":2437,"BSSID":"00:27:0d:2d:dd:c1","SSID":"eduroam"},"ap6":{"capabilities":"[WPA2-EAP-CCMP][ESS]","level":-83,"frequency":2462,"BSSID":"00:27:0d:2d:d0:71","SSID":"eduroam"},"ap5":{"capabilities":"[ESS]","level":-73,"frequency":2412,"BSSID":"08:1f:f3:b2:d0:a0","SSID":"aalto open"},"ap4":{"capabilities":"[WPA-PSK-TKIP][WPS][ESS]","level":-55,"frequency":2427,"BSSID":"00:18:84:88:bf:88","SSID":"MyPlace"},"ap3":{"capabilities":"[WPA2-EAP-CCMP][ESS]","level":-87,"frequency":2412,"BSSID":"00:27:0d:2e:79:f1","SSID":"eduroam"}},"measurement 3":{"ap14":{"capabilities":"[WPA2-EAP-CCMP][ESS]","level":-92,"frequency":2412,"BSSID":"00:27:0d:08:be:81","SSID":"eduroam"},"ap15":{"capabilities":"[WPA2-EAP-CCMP][ESS]","level":-84,"frequency":2462,"BSSID":"00:27:0d:08:c2:11","SSID":"eduroam"},"ap12":{"capabilities":"[ESS]","level":-82,"frequency":2462,"BSSID":"a4:56:30:e8:17:60","SSID":"aalto open"},"ap13":{"capabilities":"[WPA2-PSK-CCMP][ESS]","level":-91,"frequency":2412,"BSSID":"34:23:ba:ad:8e:8c","SSID":"AndroidAP"},"ap16":{"capabilities":"[ESS]","level":-99,"frequency":2412,"BSSID":"00:27:0d:08:be:80","SSID":"aalto open"},"ap17":{"capabilities":"[ESS]","level":-79,"frequency":2462,"BSSID":"a0:cf:5b:fa:34:e0","SSID":"aalto open"},"ap9":{"capabilities":"[ESS]","level":-85,"frequency":2462,"BSSID":"00:27:0d:2d:d0:70","SSID":"aalto open"},"ap8":{"capabilities":"[ESS]","level":-80,"frequency":2437,"BSSID":"00:27:0d:2d:dd:c0","SSID":"aalto open"},"ap7":{"capabilities":"[WPA2-PSK-CCMP-preauth][ESS]","level":-83,"frequency":2412,"BSSID":"00:1d:7e:fc:31:06","SSID":"NFC"},"ap11":{"capabilities":"[WPA2-EAP-CCMP][ESS]","level":-83,"frequency":2462,"BSSID":"a4:56:30:e8:17:61","SSID":"eduroam"},"ap10":{"capabilities":"[WPA2-EAP-CCMP][ESS]","level":-79,"frequency":2462,"BSSID":"a0:cf:5b:fa:34:e1","SSID":"eduroam"},"ap2":{"capabilities":"[WPA2-EAP-CCMP][ESS]","level":-62,"frequency":2412,"BSSID":"08:1f:f3:b2:d0:a1","SSID":"eduroam"},"ap1":{"capabilities":"[WPA2-EAP-CCMP][ESS]","level":-77,"frequency":2437,"BSSID":"00:27:0d:2d:dd:c1","SSID":"eduroam"},"ap6":{"capabilities":"[WPA2-EAP-CCMP][ESS]","level":-87,"frequency":2462,"BSSID":"00:27:0d:2d:d0:71","SSID":"eduroam"},"ap5":{"capabilities":"[ESS]","level":-72,"frequency":2412,"BSSID":"08:1f:f3:b2:d0:a0","SSID":"aalto open"},"ap4":{"capabilities":"[WPA-PSK-TKIP][WPS][ESS]","level":-58,"frequency":2427,"BSSID":"00:18:84:88:bf:88","SSID":"MyPlace"},"ap3":{"capabilities":"[WPA2-EAP-CCMP][ESS]","level":-85,"frequency":2412,"BSSID":"00:27:0d:2e:79:f1","SSID":"eduroam"}},"measurement 15":{"ap14":{"capabilities":"[ESS]","level":-78,"frequency":2462,"BSSID":"00:27:0d:2d:d0:70","SSID":"aalto open"},"ap15":{"capabilities":"[ESS]","level":-96,"frequency":2412,"BSSID":"00:22:55:df:65:10","SSID":"aalto open"},"ap12":{"capabilities":"[ESS]","level":-79,"frequency":2462,"BSSID":"a0:cf:5b:fa:34:e0","SSID":"aalto open"},"ap13":{"capabilities":"[ESS]","level":-85,"frequency":2412,"BSSID":"00:27:0d:2e:79:f0","SSID":"aalto open"},"ap18":{"capabilities":"[WPA2-EAP-CCMP][ESS]","level":-84,"frequency":2462,"BSSID":"00:27:0d:08:c2:11","SSID":"eduroam"},"ap19":{"capabilities":"[ESS]","level":-89,"frequency":2437,"BSSID":"00:90:4c:91:00:03","SSID":"dd-wrt"},"ap16":{"capabilities":"[WPA2-EAP-CCMP][ESS]","level":-94,"frequency":2412,"BSSID":"00:22:55:df:65:11","SSID":"eduroam"},"ap17":{"capabilities":"[ESS]","level":-91,"frequency":2412,"BSSID":"00:27:0d:0b:d1:c0","SSID":"aalto open"},"ap9":{"capabilities":"[WPA2-EAP-CCMP][ESS]","level":-80,"frequency":2462,"BSSID":"a0:cf:5b:fa:34:e1","SSID":"eduroam"},"ap8":{"capabilities":"[ESS]","level":-83,"frequency":2437,"BSSID":"00:27:0d:2d:dd:c0","SSID":"aalto open"},"ap7":{"capabilities":"[WPA2-PSK-CCMP-preauth][ESS]","level":-90,"frequency":2412,"BSSID":"00:1d:7e:fc:31:06","SSID":"NFC"},"ap20":{"capabilities":"[ESS]","level":-93,"frequency":2412,"BSSID":"00:27:0d:08:bf:10","SSID":"aalto open"},"ap11":{"capabilities":"[ESS]","level":-84,"frequency":2462,"BSSID":"a4:56:30:e8:17:60","SSID":"aalto open"},"ap10":{"capabilities":"[WPA2-EAP-CCMP][ESS]","level":-78,"frequency":2462,"BSSID":"a4:56:30:e8:17:61","SSID":"eduroam"},"ap22":{"capabilities":"[WPA2-EAP-CCMP][ESS]","level":-89,"frequency":2412,"BSSID":"00:27:0d:0b:d1:c1","SSID":"eduroam"},"ap21":{"capabilities":"[WPA-PSK-TKIP+CCMP][WPA2-PSK-TKIP+CCMP][WPS][ESS]","level":-91,"frequency":2427,"BSSID":"10:6f:3f:f7:37:c8","SSID":"Ren_2.4"},"ap2":{"capabilities":"[WPA2-EAP-CCMP][ESS]","level":-63,"frequency":2412,"BSSID":"08:1f:f3:b2:d0:a1","SSID":"eduroam"},"ap1":{"capabilities":"[WPA2-EAP-CCMP][ESS]","level":-81,"frequency":2437,"BSSID":"00:27:0d:2d:dd:c1","SSID":"eduroam"},"ap6":{"capabilities":"[WPA2-EAP-CCMP][ESS]","level":-82,"frequency":2462,"BSSID":"00:27:0d:2d:d0:71","SSID":"eduroam"},"ap5":{"capabilities":"[ESS]","level":-74,"frequency":2412,"BSSID":"08:1f:f3:b2:d0:a0","SSID":"aalto open"},"ap4":{"capabilities":"[WPA-PSK-TKIP][WPS][ESS]","level":-61,"frequency":2427,"BSSID":"00:18:84:88:bf:88","SSID":"MyPlace"},"ap3":{"capabilities":"[WPA2-EAP-CCMP][ESS]","level":-85,"frequency":2412,"BSSID":"00:27:0d:2e:79:f1","SSID":"eduroam"}}}